{"inputUnits":[34],"outputUnits":5,"inputs":{"0":{"dtype":"number","min":-35.460846303501945,"max":485.29481999141234},"1":{"dtype":"number","min":81.0431463338058,"max":264.63831326377067},"2":{"dtype":"number","min":-28.68492749878405,"max":487.6409116514926},"3":{"dtype":"number","min":73.37804178319553,"max":249.21859444347336},"4":{"dtype":"number","min":-25.674333980575145,"max":482.73591690954066},"5":{"dtype":"number","min":73.76740867525686,"max":248.640656823778},"6":{"dtype":"number","min":-21.082526180994652,"max":492.117526874468},"7":{"dtype":"number","min":77.62704975410193,"max":251.74591539434886},"8":{"dtype":"number","min":-21.780825366305933,"max":471.7828381015169},"9":{"dtype":"number","min":79.4621734303723,"max":243.95830740724557},"10":{"dtype":"number","min":-37.04118186861625,"max":504.57380599084996},"11":{"dtype":"number","min":124.74374555892055,"max":281.557890598876},"12":{"dtype":"number","min":-35.493743540248055,"max":435.00723634712426},"13":{"dtype":"number","min":123.95430746709326,"max":267.91889353948807},"14":{"dtype":"number","min":103.3381563772951,"max":530.389144244361},"15":{"dtype":"number","min":134.14000277389349,"max":427.770029505867},"16":{"dtype":"number","min":40.745470588773145,"max":423.4330779198079},"17":{"dtype":"number","min":135.95432622887282,"max":438.7886284112003},"18":{"dtype":"number","min":135.6942570905277,"max":514.034749190631},"19":{"dtype":"number","min":60.85134187097216,"max":545.2805313525961},"20":{"dtype":"number","min":85.95040347325663,"max":415.0712140153818},"21":{"dtype":"number","min":60.7009590831712,"max":535.7606927893969},"22":{"dtype":"number","min":-22.387013713673394,"max":487.10140361860107},"23":{"dtype":"number","min":244.95532084067975,"max":546.0815287192972},"24":{"dtype":"number","min":-29.24086990059582,"max":379.8675513360287},"25":{"dtype":"number","min":240.79959112382585,"max":543.4582685774866},"26":{"dtype":"number","min":-5.604014118357855,"max":508.07884067876796},"27":{"dtype":"number","min":332.58192960390323,"max":544.0861149056876},"28":{"dtype":"number","min":-9.4816755599085,"max":405.3339038655916},"29":{"dtype":"number","min":286.34172372780887,"max":547.0892227113479},"30":{"dtype":"number","min":-17.20294165704037,"max":509.2003830490409},"31":{"dtype":"number","min":381.2266392095544,"max":553.7710488167254},"32":{"dtype":"number","min":-15.560143615485165,"max":408.23848620462974},"33":{"dtype":"number","min":381.33736933251765,"max":554.900571771169}},"outputs":{"0":{"dtype":"string","min":0,"max":1,"uniqueValues":["Mountain","Tree","Chair","Triangle","Warrior II"],"legend":{"Mountain":[1,0,0,0,0],"Tree":[0,1,0,0,0],"Chair":[0,0,1,0,0],"Triangle":[0,0,0,1,0],"Warrior II":[0,0,0,0,1]}}},"isNormalized":true}